studentid,name,department,gender,attendance,mid1,mid2,assignment,finalmarks,result,date
STU1000,Student 1000,CSE,F,78.5,75.0,75.0,75.0,78.0,Pass,2026-06-19
STU1001,Student 1001,CSE,F,78.5,75.0,75.0,75.0,78.0,Pass,2026-06-19
STU1002,Student 1002,CSE,F,78.5,75.0,75.0,75.0,78.0,Pass,2026-06-19
STU1003,Student 1003,CSE,F,78.5,75.0,75.0,75.0,78.0,Pass,2026-06-19
STU1004,Student 1004,CSE,F,78.5,75.0,75.0,75.0,78.0,Pass,2026-06-19
STU1005,Student 1005,CSE,M,78.5,75.0,75.0,75.0,78.0,Pass,2026-06-19
STU1006,Student 1006,CSE,M,78.5,75.0,75.0,75.0,78.0,Pass,2026-06-19
STU1007,Student 1007,CSE,F,78.5,75.0,75.0,75.0,78.0,Pass,2026-06-19
STU1008,Student 1008,CSE,M,78.5,75.0,75.0,75.0,78.0,Pass,2026-06-19
STU1009,Student 1009,CSE,M,78.5,75.0,75.0,75.0,78.0,Pass,2026-06-19
STU1010,Student 1010,CSE,F,78.5,75.0,75.0,75.0,78.0,Pass,2026-06-19
STU1011,Student 1011,CSE,F,78.5,75.0,75.0,75.0,78.0,Pass,2026-06-19
STU1012,Student 1012,CSE,M,78.5,75.0,75.0,75.0,78.0,Pass,2026-06-19
STU1013,Student 1013,CSE,M,78.5,75.0,75.0,75.0,78.0,Pass,2026-06-19
STU1014,Student 1014,CSE,M,78.5,75.0,75.0,75.0,78.0,Pass,2026-06-19
STU1015,Student 1015,CSE,F,78.5,75.0,75.0,75.0,78.0,Pass,2026-06-19
STU1016,Student 1016,CSE,F,78.5,75.0,75.0,75.0,78.0,Pass,2026-06-19
STU1017,Student 1017,CSE,F,78.5,75.0,75.0,75.0,78.0,Pass,2026-06-19
STU1018,Student 1018,CSE,M,78.5,75.0,75.0,75.0,78.0,Pass,2026-06-19
STU1019,Student 1019,CSE,M,78.5,75.0,75.0,75.0,78.0,Pass,2026-06-19
STU1020,Student 1020,CSE,M,78.5,75.0,75.0,75.0,78.0,Pass,2026-06-19
STU1021,Student 1021,CSE,M,78.5,75.0,75.0,75.0,78.0,Pass,2026-06-19
STU1022,Student 1022,CSE,M,78.5,75.0,75.0,75.0,78.0,Pass,2026-06-19
STU1023,Student 1023,CSE,M,78.5,75.0,75.0,75.0,78.0,Pass,2026-06-19
STU1024,Student 1024,CSE,F,78.5,75.0,75.0,75.0,78.0,Pass,2026-06-19
STU1025,Student 1025,CSE,F,78.5,75.0,75.0,75.0,78.0,Pass,2026-06-19
STU1026,Student 1026,CSE,M,78.5,75.0,75.0,75.0,78.0,Pass,2026-06-19
STU1027,Student 1027,CSE,M,78.5,75.0,75.0,75.0,78.0,Pass,2026-06-19
STU1028,Student 1028,CSE,M,78.5,75.0,75.0,75.0,78.0,Pass,2026-06-19
STU1029,Student 1029,CSE,M,78.5,75.0,75.0,75.0,78.0,Pass,2026-06-19
STU1030,Student 1030,CSE,M,78.5,75.0,75.0,75.0,78.0,Pass,2026-06-19
STU1031,Student 1031,CSE,M,78.5,75.0,75.0,75.0,78.0,Pass,2026-06-19
STU1032,Student 1032,CSE,M,78.5,75.0,75.0,75.0,78.0,Pass,2026-06-19
STU1033,Student 1033,CSE,M,78.5,75.0,75.0,75.0,78.0,Pass,2026-06-19
STU1034,Student 1034,CSE,M,78.5,75.0,75.0,75.0,78.0,Pass,2026-06-19
STU1035,Student 1035,CSE,F,78.5,75.0,75.0,75.0,78.0,Pass,2026-06-19
STU1036,Student 1036,CSE,M,78.5,75.0,75.0,75.0,78.0,Pass,2026-06-19
STU1037,Student 1037,CSE,M,78.5,75.0,75.0,75.0,78.0,Pass,2026-06-19
STU1038,Student 1038,CSE,F,78.5,75.0,75.0,75.0,78.0,Pass,2026-06-19
STU1039,Student 1039,CSE,F,78.5,75.0,75.0,75.0,78.0,Pass,2026-06-19
STU1040,Student 1040,CSE,F,78.5,75.0,75.0,75.0,78.0,Pass,2026-06-19
STU1041,Student 1041,CSE,M,78.5,75.0,75.0,75.0,78.0,Pass,2026-06-19
STU1042,Student 1042,CSE,M,78.5,75.0,75.0,75.0,78.0,Pass,2026-06-19
STU1043,Student 1043,CSE,M,78.5,75.0,75.0,75.0,78.0,Pass,2026-06-19
STU1044,Student 1044,CSE,F,78.5,75.0,75.0,75.0,78.0,Pass,2026-06-19
STU1045,Student 1045,CSE,F,78.5,75.0,75.0,75.0,78.0,Pass,2026-06-19
STU1046,Student 1046,CSE,F,78.5,75.0,75.0,75.0,78.0,Pass,2026-06-19
STU1047,Student 1047,CSE,M,78.5,75.0,75.0,75.0,78.0,Pass,2026-06-19
STU1048,Student 1048,CSE,M,78.5,75.0,75.0,75.0,78.0,Pass,2026-06-19
STU1049,Student 1049,CSE,F,78.5,75.0,75.0,75.0,78.0,Pass,2026-06-19
STU1050,Student 1050,CSE,F,78.5,75.0,75.0,75.0,78.0,Pass,2026-06-19
STU1051,Student 1051,CSE,F,78.5,75.0,75.0,75.0,78.0,Pass,2026-06-19
STU1052,Student 1052,CSE,M,78.5,75.0,75.0,75.0,78.0,Pass,2026-06-19
STU1053,Student 1053,CSE,F,78.5,75.0,75.0,75.0,78.0,Pass,2026-06-19
STU1054,Student 1054,CSE,F,78.5,75.0,75.0,75.0,78.0,Pass,2026-06-19
STU1055,Student 1055,CSE,F,78.5,75.0,75.0,75.0,78.0,Pass,2026-06-19
STU1056,Student 1056,CSE,F,78.5,75.0,75.0,75.0,78.0,Pass,2026-06-19
STU1057,Student 1057,CSE,M,78.5,75.0,75.0,75.0,78.0,Pass,2026-06-19
STU1058,Student 1058,CSE,M,78.5,75.0,75.0,75.0,78.0,Pass,2026-06-19
STU1059,Student 1059,CSE,F,78.5,75.0,75.0,75.0,78.0,Pass,2026-06-19
STU1060,Student 1060,CSE,F,78.5,75.0,75.0,75.0,78.0,Pass,2026-06-19
STU1061,Student 1061,CSE,F,78.5,75.0,75.0,75.0,78.0,Pass,2026-06-19
STU1062,Student 1062,CSE,F,78.5,75.0,75.0,75.0,78.0,Pass,2026-06-19
STU1063,Student 1063,CSE,F,78.5,75.0,75.0,75.0,78.0,Pass,2026-06-19
STU1064,Student 1064,CSE,F,78.5,75.0,75.0,75.0,78.0,Pass,2026-06-19
STU1065,Student 1065,CSE,F,78.5,75.0,75.0,75.0,78.0,Pass,2026-06-19
STU1066,Student 1066,CSE,M,78.5,75.0,75.0,75.0,78.0,Pass,2026-06-19
STU1067,Student 1067,CSE,F,78.5,75.0,75.0,75.0,78.0,Pass,2026-06-19
STU1068,Student 1068,CSE,F,78.5,75.0,75.0,75.0,78.0,Pass,2026-06-19
STU1069,Student 1069,CSE,F,78.5,75.0,75.0,75.0,78.0,Pass,2026-06-19
STU1070,Student 1070,CSE,M,78.5,75.0,75.0,75.0,78.0,Pass,2026-06-19
STU1071,Student 1071,CSE,M,78.5,75.0,75.0,75.0,78.0,Pass,2026-06-19
STU1072,Student 1072,CSE,F,78.5,75.0,75.0,75.0,78.0,Pass,2026-06-19
STU1073,Student 1073,CSE,M,78.5,75.0,75.0,75.0,78.0,Pass,2026-06-19
STU1074,Student 1074,CSE,F,78.5,75.0,75.0,75.0,78.0,Pass,2026-06-19
STU1075,Student 1075,CSE,M,78.5,75.0,75.0,75.0,78.0,Pass,2026-06-19
STU1076,Student 1076,CSE,M,78.5,75.0,75.0,75.0,78.0,Pass,2026-06-19
STU1077,Student 1077,CSE,F,78.5,75.0,75.0,75.0,78.0,Pass,2026-06-19
STU1078,Student 1078,CSE,M,78.5,75.0,75.0,75.0,78.0,Pass,2026-06-19
STU1079,Student 1079,CSE,F,78.5,75.0,75.0,75.0,78.0,Pass,2026-06-19
STU1080,Student 1080,CSE,M,78.5,75.0,75.0,75.0,78.0,Pass,2026-06-19
STU1081,Student 1081,CSE,M,78.5,75.0,75.0,75.0,78.0,Pass,2026-06-19
STU1082,Student 1082,CSE,F,78.5,75.0,75.0,75.0,78.0,Pass,2026-06-19
STU1083,Student 1083,CSE,M,78.5,75.0,75.0,75.0,78.0,Pass,2026-06-19
STU1084,Student 1084,CSE,F,78.5,75.0,75.0,75.0,78.0,Pass,2026-06-19
STU1085,Student 1085,CSE,F,78.5,75.0,75.0,75.0,78.0,Pass,2026-06-19
STU1086,Student 1086,CSE,F,78.5,75.0,75.0,75.0,78.0,Pass,2026-06-19
STU1087,Student 1087,CSE,F,78.5,75.0,75.0,75.0,78.0,Pass,2026-06-19
STU1088,Student 1088,CSE,M,78.5,75.0,75.0,75.0,78.0,Pass,2026-06-19
STU1089,Student 1089,CSE,M,78.5,75.0,75.0,75.0,78.0,Pass,2026-06-19
STU1090,Student 1090,CSE,F,78.5,75.0,75.0,75.0,78.0,Pass,2026-06-19
STU1091,Student 1091,CSE,F,78.5,75.0,75.0,75.0,78.0,Pass,2026-06-19
STU1092,Student 1092,CSE,F,78.5,75.0,75.0,75.0,78.0,Pass,2026-06-19
STU1093,Student 1093,CSE,F,78.5,75.0,75.0,75.0,78.0,Pass,2026-06-19
STU1094,Student 1094,CSE,M,78.5,75.0,75.0,75.0,78.0,Pass,2026-06-19
STU1095,Student 1095,CSE,F,78.5,75.0,75.0,75.0,78.0,Pass,2026-06-19
STU1096,Student 1096,CSE,M,78.5,75.0,75.0,75.0,78.0,Pass,2026-06-19
STU1097,Student 1097,CSE,F,78.5,75.0,75.0,75.0,78.0,Pass,2026-06-19
STU1098,Student 1098,CSE,F,78.5,75.0,75.0,75.0,78.0,Pass,2026-06-19
STU1099,Student 1099,CSE,F,78.5,75.0,75.0,75.0,78.0,Pass,2026-06-19
STU1100,Student 1100,CSE,M,78.5,75.0,75.0,75.0,78.0,Pass,2026-06-19
STU1101,Student 1101,CSE,M,78.5,75.0,75.0,75.0,78.0,Pass,2026-06-19
STU1102,Student 1102,CSE,M,78.5,75.0,75.0,75.0,78.0,Pass,2026-06-19
STU1103,Student 1103,CSE,F,78.5,75.0,75.0,75.0,78.0,Pass,2026-06-19
STU1104,Student 1104,CSE,M,78.5,75.0,75.0,75.0,78.0,Pass,2026-06-19
STU1105,Student 1105,CSE,F,78.5,75.0,75.0,75.0,78.0,Pass,2026-06-19
STU1106,Student 1106,CSE,F,78.5,75.0,75.0,75.0,78.0,Pass,2026-06-19
STU1107,Student 1107,CSE,M,78.5,75.0,75.0,75.0,78.0,Pass,2026-06-19
STU1108,Student 1108,CSE,M,78.5,75.0,75.0,75.0,78.0,Pass,2026-06-19
STU1109,Student 1109,CSE,F,78.5,75.0,75.0,75.0,78.0,Pass,2026-06-19
STU1110,Student 1110,CSE,M,78.5,75.0,75.0,75.0,78.0,Pass,2026-06-19
STU1111,Student 1111,CSE,F,78.5,75.0,75.0,75.0,78.0,Pass,2026-06-19
STU1112,Student 1112,CSE,F,78.5,75.0,75.0,75.0,78.0,Pass,2026-06-19
STU1113,Student 1113,CSE,M,78.5,75.0,75.0,75.0,78.0,Pass,2026-06-19
STU1114,Student 1114,CSE,M,78.5,75.0,75.0,75.0,78.0,Pass,2026-06-19
STU1115,Student 1115,CSE,M,78.5,75.0,75.0,75.0,78.0,Pass,2026-06-19
STU1116,Student 1116,CSE,M,78.5,75.0,75.0,75.0,78.0,Pass,2026-06-19
STU1117,Student 1117,CSE,M,78.5,75.0,75.0,75.0,78.0,Pass,2026-06-19
STU1118,Student 1118,CSE,M,78.5,75.0,75.0,75.0,78.0,Pass,2026-06-19
STU1119,Student 1119,CSE,M,78.5,75.0,75.0,75.0,78.0,Pass,2026-06-19
STU1120,Student 1120,CSE,F,78.5,75.0,75.0,75.0,78.0,Pass,2026-06-19
STU1121,Student 1121,CSE,M,78.5,75.0,75.0,75.0,78.0,Pass,2026-06-19
STU1122,Student 1122,CSE,F,78.5,75.0,75.0,75.0,78.0,Pass,2026-06-19
STU1123,Student 1123,CSE,M,78.5,75.0,75.0,75.0,78.0,Pass,2026-06-19
STU1124,Student 1124,CSE,F,78.5,75.0,75.0,75.0,78.0,Pass,2026-06-19
STU1125,Student 1125,CSE,M,78.5,75.0,75.0,75.0,78.0,Pass,2026-06-19
STU1126,Student 1126,CSE,F,78.5,75.0,75.0,75.0,78.0,Pass,2026-06-19
STU1127,Student 1127,CSE,F,78.5,75.0,75.0,75.0,78.0,Pass,2026-06-19
STU1128,Student 1128,CSE,M,78.5,75.0,75.0,75.0,78.0,Pass,2026-06-19
STU1129,Student 1129,CSE,M,78.5,75.0,75.0,75.0,78.0,Pass,2026-06-19
STU1130,Student 1130,CSE,F,78.5,75.0,75.0,75.0,78.0,Pass,2026-06-19
STU1131,Student 1131,CSE,F,78.5,75.0,75.0,75.0,78.0,Pass,2026-06-19
STU1132,Student 1132,CSE,F,78.5,75.0,75.0,75.0,78.0,Pass,2026-06-19
STU1133,Student 1133,CSE,F,78.5,75.0,75.0,75.0,78.0,Pass,2026-06-19
STU1134,Student 1134,CSE,F,78.5,75.0,75.0,75.0,78.0,Pass,2026-06-19
STU1135,Student 1135,CSE,F,78.5,75.0,75.0,75.0,78.0,Pass,2026-06-19
STU1136,Student 1136,CSE,M,78.5,75.0,75.0,75.0,78.0,Pass,2026-06-19
STU1137,Student 1137,CSE,F,78.5,75.0,75.0,75.0,78.0,Pass,2026-06-19
STU1138,Student 1138,CSE,M,78.5,75.0,75.0,75.0,78.0,Pass,2026-06-19
STU1139,Student 1139,CSE,F,78.5,75.0,75.0,75.0,78.0,Pass,2026-06-19
STU1140,Student 1140,CSE,M,78.5,75.0,75.0,75.0,78.0,Pass,2026-06-19
STU1141,Student 1141,CSE,F,78.5,75.0,75.0,75.0,78.0,Pass,2026-06-19
STU1142,Student 1142,CSE,M,78.5,75.0,75.0,75.0,78.0,Pass,2026-06-19
STU1143,Student 1143,CSE,F,78.5,75.0,75.0,75.0,78.0,Pass,2026-06-19
STU1144,Student 1144,CSE,F,78.5,75.0,75.0,75.0,78.0,Pass,2026-06-19
STU1145,Student 1145,CSE,F,78.5,75.0,75.0,75.0,78.0,Pass,2026-06-19
STU1146,Student 1146,CSE,M,78.5,75.0,75.0,75.0,78.0,Pass,2026-06-19
STU1147,Student 1147,CSE,F,78.5,75.0,75.0,75.0,78.0,Pass,2026-06-19
STU1148,Student 1148,CSE,F,78.5,75.0,75.0,75.0,78.0,Pass,2026-06-19
STU1149,Student 1149,CSE,M,78.5,75.0,75.0,75.0,78.0,Pass,2026-06-19
STU1150,Student 1150,CSE,F,78.5,75.0,75.0,75.0,78.0,Pass,2026-06-19
STU1151,Student 1151,CSE,M,78.5,75.0,75.0,75.0,78.0,Pass,2026-06-19
STU1152,Student 1152,CSE,M,78.5,75.0,75.0,75.0,78.0,Pass,2026-06-19
STU1153,Student 1153,CSE,F,78.5,75.0,75.0,75.0,78.0,Pass,2026-06-19
STU1154,Student 1154,CSE,F,78.5,75.0,75.0,75.0,78.0,Pass,2026-06-19
STU1155,Student 1155,CSE,M,78.5,75.0,75.0,75.0,78.0,Pass,2026-06-19
STU1156,Student 1156,CSE,F,78.5,75.0,75.0,75.0,78.0,Pass,2026-06-19
STU1157,Student 1157,CSE,F,78.5,75.0,75.0,75.0,78.0,Pass,2026-06-19
STU1158,Student 1158,CSE,F,78.5,75.0,75.0,75.0,78.0,Pass,2026-06-19
STU1159,Student 1159,CSE,F,78.5,75.0,75.0,75.0,78.0,Pass,2026-06-19
STU1160,Student 1160,CSE,F,78.5,75.0,75.0,75.0,78.0,Pass,2026-06-19
STU1161,Student 1161,CSE,M,78.5,75.0,75.0,75.0,78.0,Pass,2026-06-19
STU1162,Student 1162,CSE,M,78.5,75.0,75.0,75.0,78.0,Pass,2026-06-19
STU1163,Student 1163,CSE,M,78.5,75.0,75.0,75.0,78.0,Pass,2026-06-19
STU1164,Student 1164,CSE,M,78.5,75.0,75.0,75.0,78.0,Pass,2026-06-19
STU1165,Student 1165,CSE,F,78.5,75.0,75.0,75.0,78.0,Pass,2026-06-19
STU1166,Student 1166,CSE,M,78.5,75.0,75.0,75.0,78.0,Pass,2026-06-19
STU1167,Student 1167,CSE,F,78.5,75.0,75.0,75.0,78.0,Pass,2026-06-19
STU1168,Student 1168,CSE,M,78.5,75.0,75.0,75.0,78.0,Pass,2026-06-19
STU1169,Student 1169,CSE,M,78.5,75.0,75.0,75.0,78.0,Pass,2026-06-19
STU1170,Student 1170,CSE,F,78.5,75.0,75.0,75.0,78.0,Pass,2026-06-19
STU1171,Student 1171,CSE,M,78.5,75.0,75.0,75.0,78.0,Pass,2026-06-19
STU1172,Student 1172,CSE,M,78.5,75.0,75.0,75.0,78.0,Pass,2026-06-19
STU1173,Student 1173,CSE,M,78.5,75.0,75.0,75.0,78.0,Pass,2026-06-19
STU1174,Student 1174,CSE,M,78.5,75.0,75.0,75.0,78.0,Pass,2026-06-19
STU1175,Student 1175,CSE,M,78.5,75.0,75.0,75.0,78.0,Pass,2026-06-19
STU1176,Student 1176,CSE,M,78.5,75.0,75.0,75.0,78.0,Pass,2026-06-19
STU1177,Student 1177,CSE,M,78.5,75.0,75.0,75.0,78.0,Pass,2026-06-19
STU1178,Student 1178,CSE,M,78.5,75.0,75.0,75.0,78.0,Pass,2026-06-19
STU1179,Student 1179,CSE,M,78.5,75.0,75.0,75.0,78.0,Pass,2026-06-19
STU1180,Student 1180,CSE,M,78.5,75.0,75.0,75.0,78.0,Pass,2026-06-19
STU1181,Student 1181,CSE,F,78.5,75.0,75.0,75.0,78.0,Pass,2026-06-19
STU1182,Student 1182,CSE,F,78.5,75.0,75.0,75.0,78.0,Pass,2026-06-19
STU1183,Student 1183,CSE,F,78.5,75.0,75.0,75.0,78.0,Pass,2026-06-19
STU1184,Student 1184,CSE,M,78.5,75.0,75.0,75.0,78.0,Pass,2026-06-19
STU1185,Student 1185,CSE,M,78.5,75.0,75.0,75.0,78.0,Pass,2026-06-19
STU1186,Student 1186,CSE,M,78.5,75.0,75.0,75.0,78.0,Pass,2026-06-19
STU1187,Student 1187,CSE,F,78.5,75.0,75.0,75.0,78.0,Pass,2026-06-19
STU1188,Student 1188,CSE,F,78.5,75.0,75.0,75.0,78.0,Pass,2026-06-19
STU1189,Student 1189,CSE,M,78.5,75.0,75.0,75.0,78.0,Pass,2026-06-19
STU1190,Student 1190,CSE,F,78.5,75.0,75.0,75.0,78.0,Pass,2026-06-19
STU1191,Student 1191,CSE,M,78.5,75.0,75.0,75.0,78.0,Pass,2026-06-19
STU1192,Student 1192,CSE,M,78.5,75.0,75.0,75.0,78.0,Pass,2026-06-19
STU1193,Student 1193,CSE,M,78.5,75.0,75.0,75.0,78.0,Pass,2026-06-19
STU1194,Student 1194,CSE,M,78.5,75.0,75.0,75.0,78.0,Pass,2026-06-19
STU1195,Student 1195,CSE,M,78.5,75.0,75.0,75.0,78.0,Pass,2026-06-19
STU1196,Student 1196,CSE,F,78.5,75.0,75.0,75.0,78.0,Pass,2026-06-19
STU1197,Student 1197,CSE,F,78.5,75.0,75.0,75.0,78.0,Pass,2026-06-19
STU1198,Student 1198,CSE,F,78.5,75.0,75.0,75.0,78.0,Pass,2026-06-19
STU1199,Student 1199,CSE,M,78.5,75.0,75.0,75.0,78.0,Pass,2026-06-19
STU1200,Student 1200,CSE,M,78.5,75.0,75.0,75.0,78.0,Pass,2026-06-19
STU1201,Student 1201,CSE,M,78.5,75.0,75.0,75.0,78.0,Pass,2026-06-19
STU1202,Student 1202,CSE,F,78.5,75.0,75.0,75.0,78.0,Pass,2026-06-19
STU1203,Student 1203,CSE,M,78.5,75.0,75.0,75.0,78.0,Pass,2026-06-19
STU1204,Student 1204,CSE,F,78.5,75.0,75.0,75.0,78.0,Pass,2026-06-19
STU1205,Student 1205,CSE,F,78.5,75.0,75.0,75.0,78.0,Pass,2026-06-19
STU1206,Student 1206,CSE,M,78.5,75.0,75.0,75.0,78.0,Pass,2026-06-19
STU1207,Student 1207,CSE,M,78.5,75.0,75.0,75.0,78.0,Pass,2026-06-19
STU1208,Student 1208,CSE,M,78.5,75.0,75.0,75.0,78.0,Pass,2026-06-19
STU1209,Student 1209,CSE,F,78.5,75.0,75.0,75.0,78.0,Pass,2026-06-19
STU1210,Student 1210,CSE,M,78.5,75.0,75.0,75.0,78.0,Pass,2026-06-19
STU1211,Student 1211,CSE,M,78.5,75.0,75.0,75.0,78.0,Pass,2026-06-19
STU1212,Student 1212,CSE,F,78.5,75.0,75.0,75.0,78.0,Pass,2026-06-19
STU1213,Student 1213,CSE,F,78.5,75.0,75.0,75.0,78.0,Pass,2026-06-19
STU1214,Student 1214,CSE,F,78.5,75.0,75.0,75.0,78.0,Pass,2026-06-19
STU1215,Student 1215,CSE,F,78.5,75.0,75.0,75.0,78.0,Pass,2026-06-19
STU1216,Student 1216,CSE,F,78.5,75.0,75.0,75.0,78.0,Pass,2026-06-19
STU1217,Student 1217,CSE,F,78.5,75.0,75.0,75.0,78.0,Pass,2026-06-19
STU1218,Student 1218,CSE,F,78.5,75.0,75.0,75.0,78.0,Pass,2026-06-19
STU1219,Student 1219,CSE,F,78.5,75.0,75.0,75.0,78.0,Pass,2026-06-19
STU1220,Student 1220,CSE,F,78.5,75.0,75.0,75.0,78.0,Pass,2026-06-19
STU1221,Student 1221,CSE,F,78.5,75.0,75.0,75.0,78.0,Pass,2026-06-19
STU1222,Student 1222,CSE,F,78.5,75.0,75.0,75.0,78.0,Pass,2026-06-19
STU1223,Student 1223,CSE,F,78.5,75.0,75.0,75.0,78.0,Pass,2026-06-19
STU1224,Student 1224,CSE,F,78.5,75.0,75.0,75.0,78.0,Pass,2026-06-19
STU1225,Student 1225,CSE,M,78.5,75.0,75.0,75.0,78.0,Pass,2026-06-19
STU1226,Student 1226,CSE,F,78.5,75.0,75.0,75.0,78.0,Pass,2026-06-19
STU1227,Student 1227,CSE,M,78.5,75.0,75.0,75.0,78.0,Pass,2026-06-19
STU1228,Student 1228,CSE,F,78.5,75.0,75.0,75.0,78.0,Pass,2026-06-19
STU1229,Student 1229,CSE,F,78.5,75.0,75.0,75.0,78.0,Pass,2026-06-19
STU1230,Student 1230,CSE,F,78.5,75.0,75.0,75.0,78.0,Pass,2026-06-19
STU1231,Student 1231,CSE,M,78.5,75.0,75.0,75.0,78.0,Pass,2026-06-19
STU1232,Student 1232,CSE,F,78.5,75.0,75.0,75.0,78.0,Pass,2026-06-19
STU1233,Student 1233,CSE,F,78.5,75.0,75.0,75.0,78.0,Pass,2026-06-19
STU1234,Student 1234,CSE,F,78.5,75.0,75.0,75.0,78.0,Pass,2026-06-19
STU1235,Student 1235,CSE,F,78.5,75.0,75.0,75.0,78.0,Pass,2026-06-19
STU1236,Student 1236,CSE,F,78.5,75.0,75.0,75.0,78.0,Pass,2026-06-19
STU1237,Student 1237,CSE,M,78.5,75.0,75.0,75.0,78.0,Pass,2026-06-19
STU1238,Student 1238,CSE,F,78.5,75.0,75.0,75.0,78.0,Pass,2026-06-19
STU1239,Student 1239,CSE,F,78.5,75.0,75.0,75.0,78.0,Pass,2026-06-19
STU1240,Student 1240,CSE,F,78.5,75.0,75.0,75.0,78.0,Pass,2026-06-19
STU1241,Student 1241,CSE,M,78.5,75.0,75.0,75.0,78.0,Pass,2026-06-19
STU1242,Student 1242,CSE,M,78.5,75.0,75.0,75.0,78.0,Pass,2026-06-19
STU1243,Student 1243,CSE,F,78.5,75.0,75.0,75.0,78.0,Pass,2026-06-19
STU1244,Student 1244,CSE,F,78.5,75.0,75.0,75.0,78.0,Pass,2026-06-19
STU1245,Student 1245,CSE,M,78.5,75.0,75.0,75.0,78.0,Pass,2026-06-19
STU1246,Student 1246,CSE,M,78.5,75.0,75.0,75.0,78.0,Pass,2026-06-19
STU1247,Student 1247,CSE,M,78.5,75.0,75.0,75.0,78.0,Pass,2026-06-19
STU1248,Student 1248,CSE,M,78.5,75.0,75.0,75.0,78.0,Pass,2026-06-19
STU1249,Student 1249,CSE,M,78.5,75.0,75.0,75.0,78.0,Pass,2026-06-19
STU1250,Student 1250,CSE,M,78.5,75.0,75.0,75.0,78.0,Pass,2026-06-19
STU1251,Student 1251,CSE,F,78.5,75.0,75.0,75.0,78.0,Pass,2026-06-19
STU1252,Student 1252,CSE,F,78.5,75.0,75.0,75.0,78.0,Pass,2026-06-19
STU1253,Student 1253,CSE,F,78.5,75.0,75.0,75.0,78.0,Pass,2026-06-19
STU1254,Student 1254,CSE,F,78.5,75.0,75.0,75.0,78.0,Pass,2026-06-19
STU1255,Student 1255,CSE,F,78.5,75.0,75.0,75.0,78.0,Pass,2026-06-19
STU1256,Student 1256,CSE,M,78.5,75.0,75.0,75.0,78.0,Pass,2026-06-19
STU1257,Student 1257,CSE,M,78.5,75.0,75.0,75.0,78.0,Pass,2026-06-19
STU1258,Student 1258,CSE,F,78.5,75.0,75.0,75.0,78.0,Pass,2026-06-19
STU1259,Student 1259,CSE,F,78.5,75.0,75.0,75.0,78.0,Pass,2026-06-19
STU1260,Student 1260,CSE,F,78.5,75.0,75.0,75.0,78.0,Pass,2026-06-19
STU1261,Student 1261,CSE,F,78.5,75.0,75.0,75.0,78.0,Pass,2026-06-19
STU1262,Student 1262,CSE,F,78.5,75.0,75.0,75.0,78.0,Pass,2026-06-19
STU1263,Student 1263,CSE,M,78.5,75.0,75.0,75.0,78.0,Pass,2026-06-19
STU1264,Student 1264,CSE,F,78.5,75.0,75.0,75.0,78.0,Pass,2026-06-19
STU1265,Student 1265,CSE,F,78.5,75.0,75.0,75.0,78.0,Pass,2026-06-19
STU1266,Student 1266,CSE,F,78.5,75.0,75.0,75.0,78.0,Pass,2026-06-19
STU1267,Student 1267,CSE,M,78.5,75.0,75.0,75.0,78.0,Pass,2026-06-19
STU1268,Student 1268,CSE,M,78.5,75.0,75.0,75.0,78.0,Pass,2026-06-19
STU1269,Student 1269,CSE,M,78.5,75.0,75.0,75.0,78.0,Pass,2026-06-19
STU1270,Student 1270,CSE,M,78.5,75.0,75.0,75.0,78.0,Pass,2026-06-19
STU1271,Student 1271,CSE,F,78.5,75.0,75.0,75.0,78.0,Pass,2026-06-19
STU1272,Student 1272,CSE,M,78.5,75.0,75.0,75.0,78.0,Pass,2026-06-19
STU1273,Student 1273,CSE,F,78.5,75.0,75.0,75.0,78.0,Pass,2026-06-19
STU1274,Student 1274,CSE,F,78.5,75.0,75.0,75.0,78.0,Pass,2026-06-19
STU1275,Student 1275,CSE,F,78.5,75.0,75.0,75.0,78.0,Pass,2026-06-19
STU1276,Student 1276,CSE,M,78.5,75.0,75.0,75.0,78.0,Pass,2026-06-19
STU1277,Student 1277,CSE,F,78.5,75.0,75.0,75.0,78.0,Pass,2026-06-19
STU1278,Student 1278,CSE,M,78.5,75.0,75.0,75.0,78.0,Pass,2026-06-19
STU1279,Student 1279,CSE,M,78.5,75.0,75.0,75.0,78.0,Pass,2026-06-19
STU1280,Student 1280,CSE,M,78.5,75.0,75.0,75.0,78.0,Pass,2026-06-19
STU1281,Student 1281,CSE,M,78.5,75.0,75.0,75.0,78.0,Pass,2026-06-19
STU1282,Student 1282,CSE,M,78.5,75.0,75.0,75.0,78.0,Pass,2026-06-19
STU1283,Student 1283,CSE,M,78.5,75.0,75.0,75.0,78.0,Pass,2026-06-19
STU1284,Student 1284,CSE,M,78.5,75.0,75.0,75.0,78.0,Pass,2026-06-19
STU1285,Student 1285,CSE,M,78.5,75.0,75.0,75.0,78.0,Pass,2026-06-19
STU1286,Student 1286,CSE,M,78.5,75.0,75.0,75.0,78.0,Pass,2026-06-19
STU1287,Student 1287,CSE,M,78.5,75.0,75.0,75.0,78.0,Pass,2026-06-19
STU1288,Student 1288,CSE,F,78.5,75.0,75.0,75.0,78.0,Pass,2026-06-19
STU1289,Student 1289,CSE,F,78.5,75.0,75.0,75.0,78.0,Pass,2026-06-19
STU1290,Student 1290,CSE,F,78.5,75.0,75.0,75.0,78.0,Pass,2026-06-19
STU1291,Student 1291,CSE,M,78.5,75.0,75.0,75.0,78.0,Pass,2026-06-19
STU1292,Student 1292,CSE,F,78.5,75.0,75.0,75.0,78.0,Pass,2026-06-19
STU1293,Student 1293,CSE,F,78.5,75.0,75.0,75.0,78.0,Pass,2026-06-19
STU1294,Student 1294,CSE,F,78.5,75.0,75.0,75.0,78.0,Pass,2026-06-19
STU1295,Student 1295,CSE,M,78.5,75.0,75.0,75.0,78.0,Pass,2026-06-19
STU1296,Student 1296,CSE,M,78.5,75.0,75.0,75.0,78.0,Pass,2026-06-19
STU1297,Student 1297,CSE,M,78.5,75.0,75.0,75.0,78.0,Pass,2026-06-19
STU1298,Student 1298,CSE,F,78.5,75.0,75.0,75.0,78.0,Pass,2026-06-19
STU1299,Student 1299,CSE,F,78.5,75.0,75.0,75.0,78.0,Pass,2026-06-19
STU1300,Student 1300,CSE,F,78.5,75.0,75.0,75.0,78.0,Pass,2026-06-19
STU1301,Student 1301,CSE,M,78.5,75.0,75.0,75.0,78.0,Pass,2026-06-19
STU1302,Student 1302,CSE,M,78.5,75.0,75.0,75.0,78.0,Pass,2026-06-19
STU1303,Student 1303,CSE,F,78.5,75.0,75.0,75.0,78.0,Pass,2026-06-19
STU1304,Student 1304,CSE,F,78.5,75.0,75.0,75.0,78.0,Pass,2026-06-19
STU1305,Student 1305,CSE,M,78.5,75.0,75.0,75.0,78.0,Pass,2026-06-19
STU1306,Student 1306,CSE,M,78.5,75.0,75.0,75.0,78.0,Pass,2026-06-19
STU1307,Student 1307,CSE,M,78.5,75.0,75.0,75.0,78.0,Pass,2026-06-19
STU1308,Student 1308,CSE,F,78.5,75.0,75.0,75.0,78.0,Pass,2026-06-19
STU1309,Student 1309,CSE,M,78.5,75.0,75.0,75.0,78.0,Pass,2026-06-19
STU1310,Student 1310,CSE,F,78.5,75.0,75.0,75.0,78.0,Pass,2026-06-19
STU1311,Student 1311,CSE,F,78.5,75.0,75.0,75.0,78.0,Pass,2026-06-19
STU1312,Student 1312,CSE,F,78.5,75.0,75.0,75.0,78.0,Pass,2026-06-19
STU1313,Student 1313,CSE,F,78.5,75.0,75.0,75.0,78.0,Pass,2026-06-19
STU1314,Student 1314,CSE,M,78.5,75.0,75.0,75.0,78.0,Pass,2026-06-19
STU1315,Student 1315,CSE,F,78.5,75.0,75.0,75.0,78.0,Pass,2026-06-19
STU1316,Student 1316,CSE,F,78.5,75.0,75.0,75.0,78.0,Pass,2026-06-19
STU1317,Student 1317,CSE,F,78.5,75.0,75.0,75.0,78.0,Pass,2026-06-19
STU1318,Student 1318,CSE,F,78.5,75.0,75.0,75.0,78.0,Pass,2026-06-19
STU1319,Student 1319,CSE,M,78.5,75.0,75.0,75.0,78.0,Pass,2026-06-19
STU1320,Student 1320,CSE,F,78.5,75.0,75.0,75.0,78.0,Pass,2026-06-19
STU1321,Student 1321,CSE,F,78.5,75.0,75.0,75.0,78.0,Pass,2026-06-19
STU1322,Student 1322,CSE,F,78.5,75.0,75.0,75.0,78.0,Pass,2026-06-19
STU1323,Student 1323,CSE,M,78.5,75.0,75.0,75.0,78.0,Pass,2026-06-19
STU1324,Student 1324,CSE,M,78.5,75.0,75.0,75.0,78.0,Pass,2026-06-19
STU1325,Student 1325,CSE,M,78.5,75.0,75.0,75.0,78.0,Pass,2026-06-19
STU1326,Student 1326,CSE,M,78.5,75.0,75.0,75.0,78.0,Pass,2026-06-19
STU1327,Student 1327,CSE,F,78.5,75.0,75.0,75.0,78.0,Pass,2026-06-19
STU1328,Student 1328,CSE,F,78.5,75.0,75.0,75.0,78.0,Pass,2026-06-19
STU1329,Student 1329,CSE,F,78.5,75.0,75.0,75.0,78.0,Pass,2026-06-19
STU1330,Student 1330,CSE,F,78.5,75.0,75.0,75.0,78.0,Pass,2026-06-19
STU1331,Student 1331,CSE,M,78.5,75.0,75.0,75.0,78.0,Pass,2026-06-19
STU1332,Student 1332,CSE,F,78.5,75.0,75.0,75.0,78.0,Pass,2026-06-19
STU1333,Student 1333,CSE,F,78.5,75.0,75.0,75.0,78.0,Pass,2026-06-19
STU1334,Student 1334,CSE,M,78.5,75.0,75.0,75.0,78.0,Pass,2026-06-19
STU1335,Student 1335,CSE,M,78.5,75.0,75.0,75.0,78.0,Pass,2026-06-19
STU1336,Student 1336,CSE,M,78.5,75.0,75.0,75.0,78.0,Pass,2026-06-19
STU1337,Student 1337,CSE,F,78.5,75.0,75.0,75.0,78.0,Pass,2026-06-19
STU1338,Student 1338,CSE,F,78.5,75.0,75.0,75.0,78.0,Pass,2026-06-19
STU1339,Student 1339,CSE,M,78.5,75.0,75.0,75.0,78.0,Pass,2026-06-19
STU1340,Student 1340,CSE,M,78.5,75.0,75.0,75.0,78.0,Pass,2026-06-19
STU1341,Student 1341,CSE,F,78.5,75.0,75.0,75.0,78.0,Pass,2026-06-19
STU1342,Student 1342,CSE,F,78.5,75.0,75.0,75.0,78.0,Pass,2026-06-19
STU1343,Student 1343,CSE,F,78.5,75.0,75.0,75.0,78.0,Pass,2026-06-19
STU1344,Student 1344,CSE,M,78.5,75.0,75.0,75.0,78.0,Pass,2026-06-19
STU1345,Student 1345,CSE,F,78.5,75.0,75.0,75.0,78.0,Pass,2026-06-19
STU1346,Student 1346,CSE,M,78.5,75.0,75.0,75.0,78.0,Pass,2026-06-19
STU1347,Student 1347,CSE,F,78.5,75.0,75.0,75.0,78.0,Pass,2026-06-19
STU1348,Student 1348,CSE,F,78.5,75.0,75.0,75.0,78.0,Pass,2026-06-19
STU1349,Student 1349,CSE,F,78.5,75.0,75.0,75.0,78.0,Pass,2026-06-19
STU1350,Student 1350,CSE,M,78.5,75.0,75.0,75.0,78.0,Pass,2026-06-19
STU1351,Student 1351,CSE,M,78.5,75.0,75.0,75.0,78.0,Pass,2026-06-19
STU1352,Student 1352,CSE,M,78.5,75.0,75.0,75.0,78.0,Pass,2026-06-19
STU1353,Student 1353,CSE,F,78.5,75.0,75.0,75.0,78.0,Pass,2026-06-19
STU1354,Student 1354,CSE,F,78.5,75.0,75.0,75.0,78.0,Pass,2026-06-19
STU1355,Student 1355,CSE,F,78.5,75.0,75.0,75.0,78.0,Pass,2026-06-19
STU1356,Student 1356,CSE,F,78.5,75.0,75.0,75.0,78.0,Pass,2026-06-19
STU1357,Student 1357,CSE,F,78.5,75.0,75.0,75.0,78.0,Pass,2026-06-19
STU1358,Student 1358,CSE,F,78.5,75.0,75.0,75.0,78.0,Pass,2026-06-19
STU1359,Student 1359,CSE,F,78.5,75.0,75.0,75.0,78.0,Pass,2026-06-19
STU1360,Student 1360,CSE,F,78.5,75.0,75.0,75.0,78.0,Pass,2026-06-19
STU1361,Student 1361,CSE,M,78.5,75.0,75.0,75.0,78.0,Pass,2026-06-19
STU1362,Student 1362,CSE,F,78.5,75.0,75.0,75.0,78.0,Pass,2026-06-19
STU1363,Student 1363,CSE,F,78.5,75.0,75.0,75.0,78.0,Pass,2026-06-19
STU1364,Student 1364,CSE,F,78.5,75.0,75.0,75.0,78.0,Pass,2026-06-19
STU1365,Student 1365,CSE,F,78.5,75.0,75.0,75.0,78.0,Pass,2026-06-19
STU1366,Student 1366,CSE,F,78.5,75.0,75.0,75.0,78.0,Pass,2026-06-19
STU1367,Student 1367,CSE,F,78.5,75.0,75.0,75.0,78.0,Pass,2026-06-19
STU1368,Student 1368,CSE,M,78.5,75.0,75.0,75.0,78.0,Pass,2026-06-19
STU1369,Student 1369,CSE,F,78.5,75.0,75.0,75.0,78.0,Pass,2026-06-19
STU1370,Student 1370,CSE,F,78.5,75.0,75.0,75.0,78.0,Pass,2026-06-19
STU1371,Student 1371,CSE,F,78.5,75.0,75.0,75.0,78.0,Pass,2026-06-19
STU1372,Student 1372,CSE,F,78.5,75.0,75.0,75.0,78.0,Pass,2026-06-19
STU1373,Student 1373,CSE,F,78.5,75.0,75.0,75.0,78.0,Pass,2026-06-19
STU1374,Student 1374,CSE,F,78.5,75.0,75.0,75.0,78.0,Pass,2026-06-19
STU1375,Student 1375,CSE,F,78.5,75.0,75.0,75.0,78.0,Pass,2026-06-19
STU1376,Student 1376,CSE,F,78.5,75.0,75.0,75.0,78.0,Pass,2026-06-19
STU1377,Student 1377,CSE,M,78.5,75.0,75.0,75.0,78.0,Pass,2026-06-19
STU1378,Student 1378,CSE,M,78.5,75.0,75.0,75.0,78.0,Pass,2026-06-19
STU1379,Student 1379,CSE,M,78.5,75.0,75.0,75.0,78.0,Pass,2026-06-19
STU1380,Student 1380,CSE,F,78.5,75.0,75.0,75.0,78.0,Pass,2026-06-19
STU1381,Student 1381,CSE,F,78.5,75.0,75.0,75.0,78.0,Pass,2026-06-19
STU1382,Student 1382,CSE,F,78.5,75.0,75.0,75.0,78.0,Pass,2026-06-19
STU1383,Student 1383,CSE,M,78.5,75.0,75.0,75.0,78.0,Pass,2026-06-19
STU1384,Student 1384,CSE,M,78.5,75.0,75.0,75.0,78.0,Pass,2026-06-19
STU1385,Student 1385,CSE,F,78.5,75.0,75.0,75.0,78.0,Pass,2026-06-19
STU1386,Student 1386,CSE,F,78.5,75.0,75.0,75.0,78.0,Pass,2026-06-19
STU1387,Student 1387,CSE,M,78.5,75.0,75.0,75.0,78.0,Pass,2026-06-19
STU1388,Student 1388,CSE,F,78.5,75.0,75.0,75.0,78.0,Pass,2026-06-19
STU1389,Student 1389,CSE,F,78.5,75.0,75.0,75.0,78.0,Pass,2026-06-19
STU1390,Student 1390,CSE,F,78.5,75.0,75.0,75.0,78.0,Pass,2026-06-19
STU1391,Student 1391,CSE,F,78.5,75.0,75.0,75.0,78.0,Pass,2026-06-19
STU1392,Student 1392,CSE,F,78.5,75.0,75.0,75.0,78.0,Pass,2026-06-19
STU1393,Student 1393,CSE,F,78.5,75.0,75.0,75.0,78.0,Pass,2026-06-19
STU1394,Student 1394,CSE,F,78.5,75.0,75.0,75.0,78.0,Pass,2026-06-19
STU1395,Student 1395,CSE,M,78.5,75.0,75.0,75.0,78.0,Pass,2026-06-19
STU1396,Student 1396,CSE,M,78.5,75.0,75.0,75.0,78.0,Pass,2026-06-19
STU1397,Student 1397,CSE,F,78.5,75.0,75.0,75.0,78.0,Pass,2026-06-19
STU1398,Student 1398,CSE,F,78.5,75.0,75.0,75.0,78.0,Pass,2026-06-19
STU1399,Student 1399,CSE,F,78.5,75.0,75.0,75.0,78.0,Pass,2026-06-19
STU1400,Student 1400,CSE,M,78.5,75.0,75.0,75.0,78.0,Pass,2026-06-19
STU1401,Student 1401,CSE,M,78.5,75.0,75.0,75.0,78.0,Pass,2026-06-19
STU1402,Student 1402,CSE,F,78.5,75.0,75.0,75.0,78.0,Pass,2026-06-19
STU1403,Student 1403,CSE,F,78.5,75.0,75.0,75.0,78.0,Pass,2026-06-19
STU1404,Student 1404,CSE,F,78.5,75.0,75.0,75.0,78.0,Pass,2026-06-19
STU1405,Student 1405,CSE,F,78.5,75.0,75.0,75.0,78.0,Pass,2026-06-19
STU1406,Student 1406,CSE,F,78.5,75.0,75.0,75.0,78.0,Pass,2026-06-19
STU1407,Student 1407,CSE,F,78.5,75.0,75.0,75.0,78.0,Pass,2026-06-19
STU1408,Student 1408,CSE,M,78.5,75.0,75.0,75.0,78.0,Pass,2026-06-19
STU1409,Student 1409,CSE,M,78.5,75.0,75.0,75.0,78.0,Pass,2026-06-19
STU1410,Student 1410,CSE,F,78.5,75.0,75.0,75.0,78.0,Pass,2026-06-19
STU1411,Student 1411,CSE,M,78.5,75.0,75.0,75.0,78.0,Pass,2026-06-19
STU1412,Student 1412,CSE,F,78.5,75.0,75.0,75.0,78.0,Pass,2026-06-19
STU1413,Student 1413,CSE,M,78.5,75.0,75.0,75.0,78.0,Pass,2026-06-19
STU1414,Student 1414,CSE,F,78.5,75.0,75.0,75.0,78.0,Pass,2026-06-19
STU1415,Student 1415,CSE,F,78.5,75.0,75.0,75.0,78.0,Pass,2026-06-19
STU1416,Student 1416,CSE,M,78.5,75.0,75.0,75.0,78.0,Pass,2026-06-19
STU1417,Student 1417,CSE,F,78.5,75.0,75.0,75.0,78.0,Pass,2026-06-19
STU1418,Student 1418,CSE,M,78.5,75.0,75.0,75.0,78.0,Pass,2026-06-19
STU1419,Student 1419,CSE,M,78.5,75.0,75.0,75.0,78.0,Pass,2026-06-19
STU1420,Student 1420,CSE,F,78.5,75.0,75.0,75.0,78.0,Pass,2026-06-19
STU1421,Student 1421,CSE,F,78.5,75.0,75.0,75.0,78.0,Pass,2026-06-19
STU1422,Student 1422,CSE,F,78.5,75.0,75.0,75.0,78.0,Pass,2026-06-19
STU1423,Student 1423,CSE,F,78.5,75.0,75.0,75.0,78.0,Pass,2026-06-19
STU1424,Student 1424,CSE,F,78.5,75.0,75.0,75.0,78.0,Pass,2026-06-19
STU1425,Student 1425,CSE,F,78.5,75.0,75.0,75.0,78.0,Pass,2026-06-19
STU1426,Student 1426,CSE,F,78.5,75.0,75.0,75.0,78.0,Pass,2026-06-19
STU1427,Student 1427,CSE,F,78.5,75.0,75.0,75.0,78.0,Pass,2026-06-19
STU1428,Student 1428,CSE,F,78.5,75.0,75.0,75.0,78.0,Pass,2026-06-19
STU1429,Student 1429,CSE,M,78.5,75.0,75.0,75.0,78.0,Pass,2026-06-19
STU1430,Student 1430,CSE,M,78.5,75.0,75.0,75.0,78.0,Pass,2026-06-19
STU1431,Student 1431,CSE,F,78.5,75.0,75.0,75.0,78.0,Pass,2026-06-19
STU1432,Student 1432,CSE,F,78.5,75.0,75.0,75.0,78.0,Pass,2026-06-19
STU1433,Student 1433,CSE,F,78.5,75.0,75.0,75.0,78.0,Pass,2026-06-19
STU1434,Student 1434,CSE,F,78.5,75.0,75.0,75.0,78.0,Pass,2026-06-19
STU1435,Student 1435,CSE,F,78.5,75.0,75.0,75.0,78.0,Pass,2026-06-19
STU1436,Student 1436,CSE,F,78.5,75.0,75.0,75.0,78.0,Pass,2026-06-19
STU1437,Student 1437,CSE,F,78.5,75.0,75.0,75.0,78.0,Pass,2026-06-19
STU1438,Student 1438,CSE,F,78.5,75.0,75.0,75.0,78.0,Pass,2026-06-19
STU1439,Student 1439,CSE,F,78.5,75.0,75.0,75.0,78.0,Pass,2026-06-19
STU1440,Student 1440,CSE,M,78.5,75.0,75.0,75.0,78.0,Pass,2026-06-19
STU1441,Student 1441,CSE,M,78.5,75.0,75.0,75.0,78.0,Pass,2026-06-19
STU1442,Student 1442,CSE,M,78.5,75.0,75.0,75.0,78.0,Pass,2026-06-19
STU1443,Student 1443,CSE,M,78.5,75.0,75.0,75.0,78.0,Pass,2026-06-19
STU1444,Student 1444,CSE,M,78.5,75.0,75.0,75.0,78.0,Pass,2026-06-19
STU1445,Student 1445,CSE,M,78.5,75.0,75.0,75.0,78.0,Pass,2026-06-19
STU1446,Student 1446,CSE,M,78.5,75.0,75.0,75.0,78.0,Pass,2026-06-19
STU1447,Student 1447,CSE,M,78.5,75.0,75.0,75.0,78.0,Pass,2026-06-19
STU1448,Student 1448,CSE,F,78.5,75.0,75.0,75.0,78.0,Pass,2026-06-19
STU1449,Student 1449,CSE,F,78.5,75.0,75.0,75.0,78.0,Pass,2026-06-19
STU1450,Student 1450,CSE,F,78.5,75.0,75.0,75.0,78.0,Pass,2026-06-19
STU1451,Student 1451,CSE,M,78.5,75.0,75.0,75.0,78.0,Pass,2026-06-19
STU1452,Student 1452,CSE,F,78.5,75.0,75.0,75.0,78.0,Pass,2026-06-19
STU1453,Student 1453,CSE,F,78.5,75.0,75.0,75.0,78.0,Pass,2026-06-19
STU1454,Student 1454,CSE,F,78.5,75.0,75.0,75.0,78.0,Pass,2026-06-19
STU1455,Student 1455,CSE,F,78.5,75.0,75.0,75.0,78.0,Pass,2026-06-19
STU1456,Student 1456,CSE,F,78.5,75.0,75.0,75.0,78.0,Pass,2026-06-19
STU1457,Student 1457,CSE,M,78.5,75.0,75.0,75.0,78.0,Pass,2026-06-19
STU1458,Student 1458,CSE,F,78.5,75.0,75.0,75.0,78.0,Pass,2026-06-19
STU1459,Student 1459,CSE,F,78.5,75.0,75.0,75.0,78.0,Pass,2026-06-19
STU1460,Student 1460,CSE,F,78.5,75.0,75.0,75.0,78.0,Pass,2026-06-19
STU1461,Student 1461,CSE,F,78.5,75.0,75.0,75.0,78.0,Pass,2026-06-19
STU1462,Student 1462,CSE,F,78.5,75.0,75.0,75.0,78.0,Pass,2026-06-19
STU1463,Student 1463,CSE,F,78.5,75.0,75.0,75.0,78.0,Pass,2026-06-19
STU1464,Student 1464,CSE,M,78.5,75.0,75.0,75.0,78.0,Pass,2026-06-19
STU1465,Student 1465,CSE,F,78.5,75.0,75.0,75.0,78.0,Pass,2026-06-19
STU1466,Student 1466,CSE,M,78.5,75.0,75.0,75.0,78.0,Pass,2026-06-19
STU1467,Student 1467,CSE,F,78.5,75.0,75.0,75.0,78.0,Pass,2026-06-19
STU1468,Student 1468,CSE,M,78.5,75.0,75.0,75.0,78.0,Pass,2026-06-19
STU1469,Student 1469,CSE,M,78.5,75.0,75.0,75.0,78.0,Pass,2026-06-19
STU1470,Student 1470,CSE,F,78.5,75.0,75.0,75.0,78.0,Pass,2026-06-19
STU1471,Student 1471,CSE,F,78.5,75.0,75.0,75.0,78.0,Pass,2026-06-19
STU1472,Student 1472,CSE,F,78.5,75.0,75.0,75.0,78.0,Pass,2026-06-19
STU1473,Student 1473,CSE,M,78.5,75.0,75.0,75.0,78.0,Pass,2026-06-19
STU1474,Student 1474,CSE,M,78.5,75.0,75.0,75.0,78.0,Pass,2026-06-19
STU1475,Student 1475,CSE,F,78.5,75.0,75.0,75.0,78.0,Pass,2026-06-19
STU1476,Student 1476,CSE,F,78.5,75.0,75.0,75.0,78.0,Pass,2026-06-19
STU1477,Student 1477,CSE,M,78.5,75.0,75.0,75.0,78.0,Pass,2026-06-19
STU1478,Student 1478,CSE,F,78.5,75.0,75.0,75.0,78.0,Pass,2026-06-19
STU1479,Student 1479,CSE,F,78.5,75.0,75.0,75.0,78.0,Pass,2026-06-19
STU1480,Student 1480,CSE,F,78.5,75.0,75.0,75.0,78.0,Pass,2026-06-19
STU1481,Student 1481,CSE,F,78.5,75.0,75.0,75.0,78.0,Pass,2026-06-19
STU1482,Student 1482,CSE,F,78.5,75.0,75.0,75.0,78.0,Pass,2026-06-19
STU1483,Student 1483,CSE,F,78.5,75.0,75.0,75.0,78.0,Pass,2026-06-19
STU1484,Student 1484,CSE,F,78.5,75.0,75.0,75.0,78.0,Pass,2026-06-19
STU1485,Student 1485,CSE,F,78.5,75.0,75.0,75.0,78.0,Pass,2026-06-19
STU1486,Student 1486,CSE,F,78.5,75.0,75.0,75.0,78.0,Pass,2026-06-19
STU1487,Student 1487,CSE,F,78.5,75.0,75.0,75.0,78.0,Pass,2026-06-19
STU1488,Student 1488,CSE,F,78.5,75.0,75.0,75.0,78.0,Pass,2026-06-19
STU1489,Student 1489,CSE,M,78.5,75.0,75.0,75.0,78.0,Pass,2026-06-19
STU1490,Student 1490,CSE,F,78.5,75.0,75.0,75.0,78.0,Pass,2026-06-19
STU1491,Student 1491,CSE,F,78.5,75.0,75.0,75.0,78.0,Pass,2026-06-19
STU1492,Student 1492,CSE,F,78.5,75.0,75.0,75.0,78.0,Pass,2026-06-19
STU1493,Student 1493,CSE,F,78.5,75.0,75.0,75.0,78.0,Pass,2026-06-19
STU1494,Student 1494,CSE,F,78.5,75.0,75.0,75.0,78.0,Pass,2026-06-19
STU1495,Student 1495,CSE,F,78.5,75.0,75.0,75.0,78.0,Pass,2026-06-19
STU1496,Student 1496,CSE,F,78.5,75.0,75.0,75.0,78.0,Pass,2026-06-19
STU1497,Student 1497,CSE,M,78.5,75.0,75.0,75.0,78.0,Pass,2026-06-19
STU1498,Student 1498,CSE,F,78.5,75.0,75.0,75.0,78.0,Pass,2026-06-19
STU1499,Student 1499,CSE,F,78.5,75.0,75.0,75.0,78.0,Pass,2026-06-19
STU1500,Student 1500,CSE,M,78.5,75.0,75.0,75.0,78.0,Pass,2026-06-19
STU1501,Student 1501,CSE,M,78.5,75.0,75.0,75.0,78.0,Pass,2026-06-19
STU1502,Student 1502,CSE,M,78.5,75.0,75.0,75.0,78.0,Pass,2026-06-19
STU1503,Student 1503,CSE,F,78.5,75.0,75.0,75.0,78.0,Pass,2026-06-19
STU1504,Student 1504,CSE,F,78.5,75.0,75.0,75.0,78.0,Pass,2026-06-19
STU1505,Student 1505,CSE,F,78.5,75.0,75.0,75.0,78.0,Pass,2026-06-19
STU1506,Student 1506,CSE,F,78.5,75.0,75.0,75.0,78.0,Pass,2026-06-19
STU1507,Student 1507,CSE,F,78.5,75.0,75.0,75.0,78.0,Pass,2026-06-19
STU1508,Student 1508,CSE,M,78.5,75.0,75.0,75.0,78.0,Pass,2026-06-19
STU1509,Student 1509,CSE,F,78.5,75.0,75.0,75.0,78.0,Pass,2026-06-19
STU1510,Student 1510,CSE,F,78.5,75.0,75.0,75.0,78.0,Pass,2026-06-19
STU1511,Student 1511,CSE,F,78.5,75.0,75.0,75.0,78.0,Pass,2026-06-19
STU1512,Student 1512,CSE,F,78.5,75.0,75.0,75.0,78.0,Pass,2026-06-19
STU1513,Student 1513,CSE,F,78.5,75.0,75.0,75.0,78.0,Pass,2026-06-19
STU1514,Student 1514,CSE,F,78.5,75.0,75.0,75.0,78.0,Pass,2026-06-19
STU1515,Student 1515,CSE,F,78.5,75.0,75.0,75.0,78.0,Pass,2026-06-19
STU1516,Student 1516,CSE,F,78.5,75.0,75.0,75.0,78.0,Pass,2026-06-19
STU1517,Student 1517,CSE,F,78.5,75.0,75.0,75.0,78.0,Pass,2026-06-19
STU1518,Student 1518,CSE,F,78.5,75.0,75.0,75.0,78.0,Pass,2026-06-19
STU1519,Student 1519,CSE,M,78.5,75.0,75.0,75.0,78.0,Pass,2026-06-19
STU1520,Student 1520,CSE,F,78.5,75.0,75.0,75.0,78.0,Pass,2026-06-19
STU1521,Student 1521,CSE,F,78.5,75.0,75.0,75.0,78.0,Pass,2026-06-19
STU1522,Student 1522,CSE,F,78.5,75.0,75.0,75.0,78.0,Pass,2026-06-19
STU1523,Student 1523,CSE,M,78.5,75.0,75.0,75.0,78.0,Pass,2026-06-19
STU1524,Student 1524,CSE,F,78.5,75.0,75.0,75.0,78.0,Pass,2026-06-19
STU1525,Student 1525,CSE,M,78.5,75.0,75.0,75.0,78.0,Pass,2026-06-19
STU1526,Student 1526,CSE,F,78.5,75.0,75.0,75.0,78.0,Pass,2026-06-19
STU1527,Student 1527,CSE,M,78.5,75.0,75.0,75.0,78.0,Pass,2026-06-19
STU1528,Student 1528,CSE,F,78.5,75.0,75.0,75.0,78.0,Pass,2026-06-19
STU1529,Student 1529,CSE,F,78.5,75.0,75.0,75.0,78.0,Pass,2026-06-19
STU1530,Student 1530,CSE,M,78.5,75.0,75.0,75.0,78.0,Pass,2026-06-19
STU1531,Student 1531,CSE,M,78.5,75.0,75.0,75.0,78.0,Pass,2026-06-19
STU1532,Student 1532,CSE,M,78.5,75.0,75.0,75.0,78.0,Pass,2026-06-19
STU1533,Student 1533,CSE,F,78.5,75.0,75.0,75.0,78.0,Pass,2026-06-19
STU1534,Student 1534,CSE,M,78.5,75.0,75.0,75.0,78.0,Pass,2026-06-19
STU1535,Student 1535,CSE,M,78.5,75.0,75.0,75.0,78.0,Pass,2026-06-19
STU1536,Student 1536,CSE,M,78.5,75.0,75.0,75.0,78.0,Pass,2026-06-19
STU1537,Student 1537,CSE,M,78.5,75.0,75.0,75.0,78.0,Pass,2026-06-19
STU1538,Student 1538,CSE,F,78.5,75.0,75.0,75.0,78.0,Pass,2026-06-19
STU1539,Student 1539,CSE,F,78.5,75.0,75.0,75.0,78.0,Pass,2026-06-19
STU1540,Student 1540,CSE,F,78.5,75.0,75.0,75.0,78.0,Pass,2026-06-19
STU1541,Student 1541,CSE,F,78.5,75.0,75.0,75.0,78.0,Pass,2026-06-19
STU1542,Student 1542,CSE,F,78.5,75.0,75.0,75.0,78.0,Pass,2026-06-19
STU1543,Student 1543,CSE,M,78.5,75.0,75.0,75.0,78.0,Pass,2026-06-19
STU1544,Student 1544,CSE,M,78.5,75.0,75.0,75.0,78.0,Pass,2026-06-19
STU1545,Student 1545,CSE,M,78.5,75.0,75.0,75.0,78.0,Pass,2026-06-19
STU1546,Student 1546,CSE,F,78.5,75.0,75.0,75.0,78.0,Pass,2026-06-19
STU1547,Student 1547,CSE,M,78.5,75.0,75.0,75.0,78.0,Pass,2026-06-19
STU1548,Student 1548,CSE,F,78.5,75.0,75.0,75.0,78.0,Pass,2026-06-19
STU1549,Student 1549,CSE,F,78.5,75.0,75.0,75.0,78.0,Pass,2026-06-19
STU1550,Student 1550,CSE,M,78.5,75.0,75.0,75.0,78.0,Pass,2026-06-19
STU1551,Student 1551,CSE,M,78.5,75.0,75.0,75.0,78.0,Pass,2026-06-19
STU1552,Student 1552,CSE,M,78.5,75.0,75.0,75.0,78.0,Pass,2026-06-19
STU1553,Student 1553,CSE,M,78.5,75.0,75.0,75.0,78.0,Pass,2026-06-19
STU1554,Student 1554,CSE,F,78.5,75.0,75.0,75.0,78.0,Pass,2026-06-19
STU1555,Student 1555,CSE,F,78.5,75.0,75.0,75.0,78.0,Pass,2026-06-19
STU1556,Student 1556,CSE,M,78.5,75.0,75.0,75.0,78.0,Pass,2026-06-19
STU1557,Student 1557,CSE,F,78.5,75.0,75.0,75.0,78.0,Pass,2026-06-19
STU1558,Student 1558,CSE,M,78.5,75.0,75.0,75.0,78.0,Pass,2026-06-19
STU1559,Student 1559,CSE,M,78.5,75.0,75.0,75.0,78.0,Pass,2026-06-19
STU1560,Student 1560,CSE,M,78.5,75.0,75.0,75.0,78.0,Pass,2026-06-19
STU1561,Student 1561,CSE,M,78.5,75.0,75.0,75.0,78.0,Pass,2026-06-19
STU1562,Student 1562,CSE,F,78.5,75.0,75.0,75.0,78.0,Pass,2026-06-19
STU1563,Student 1563,CSE,M,78.5,75.0,75.0,75.0,78.0,Pass,2026-06-19
STU1564,Student 1564,CSE,M,78.5,75.0,75.0,75.0,78.0,Pass,2026-06-19
STU1565,Student 1565,CSE,M,78.5,75.0,75.0,75.0,78.0,Pass,2026-06-19
STU1566,Student 1566,CSE,M,78.5,75.0,75.0,75.0,78.0,Pass,2026-06-19
STU1567,Student 1567,CSE,M,78.5,75.0,75.0,75.0,78.0,Pass,2026-06-19
STU1568,Student 1568,CSE,M,78.5,75.0,75.0,75.0,78.0,Pass,2026-06-19
STU1569,Student 1569,CSE,M,78.5,75.0,75.0,75.0,78.0,Pass,2026-06-19
STU1570,Student 1570,CSE,M,78.5,75.0,75.0,75.0,78.0,Pass,2026-06-19
STU1571,Student 1571,CSE,M,78.5,75.0,75.0,75.0,78.0,Pass,2026-06-19
STU1572,Student 1572,CSE,F,78.5,75.0,75.0,75.0,78.0,Pass,2026-06-19
STU1573,Student 1573,CSE,F,78.5,75.0,75.0,75.0,78.0,Pass,2026-06-19
STU1574,Student 1574,CSE,M,78.5,75.0,75.0,75.0,78.0,Pass,2026-06-19
STU1575,Student 1575,CSE,F,78.5,75.0,75.0,75.0,78.0,Pass,2026-06-19
STU1576,Student 1576,CSE,M,78.5,75.0,75.0,75.0,78.0,Pass,2026-06-19
STU1577,Student 1577,CSE,M,78.5,75.0,75.0,75.0,78.0,Pass,2026-06-19
STU1578,Student 1578,CSE,M,78.5,75.0,75.0,75.0,78.0,Pass,2026-06-19
STU1579,Student 1579,CSE,M,78.5,75.0,75.0,75.0,78.0,Pass,2026-06-19
STU1580,Student 1580,CSE,M,78.5,75.0,75.0,75.0,78.0,Pass,2026-06-19
STU1581,Student 1581,CSE,F,78.5,75.0,75.0,75.0,78.0,Pass,2026-06-19
STU1582,Student 1582,CSE,F,78.5,75.0,75.0,75.0,78.0,Pass,2026-06-19
STU1583,Student 1583,CSE,F,78.5,75.0,75.0,75.0,78.0,Pass,2026-06-19
STU1584,Student 1584,CSE,F,78.5,75.0,75.0,75.0,78.0,Pass,2026-06-19
STU1585,Student 1585,CSE,F,78.5,75.0,75.0,75.0,78.0,Pass,2026-06-19
STU1586,Student 1586,CSE,F,78.5,75.0,75.0,75.0,78.0,Pass,2026-06-19
STU1587,Student 1587,CSE,F,78.5,75.0,75.0,75.0,78.0,Pass,2026-06-19
STU1588,Student 1588,CSE,F,78.5,75.0,75.0,75.0,78.0,Pass,2026-06-19
STU1589,Student 1589,CSE,F,78.5,75.0,75.0,75.0,78.0,Pass,2026-06-19
STU1590,Student 1590,CSE,F,78.5,75.0,75.0,75.0,78.0,Pass,2026-06-19
STU1591,Student 1591,CSE,F,78.5,75.0,75.0,75.0,78.0,Pass,2026-06-19
STU1592,Student 1592,CSE,F,78.5,75.0,75.0,75.0,78.0,Pass,2026-06-19
STU1593,Student 1593,CSE,F,78.5,75.0,75.0,75.0,78.0,Pass,2026-06-19
STU1594,Student 1594,CSE,F,78.5,75.0,75.0,75.0,78.0,Pass,2026-06-19
STU1595,Student 1595,CSE,M,78.5,75.0,75.0,75.0,78.0,Pass,2026-06-19
STU1596,Student 1596,CSE,F,78.5,75.0,75.0,75.0,78.0,Pass,2026-06-19
STU1597,Student 1597,CSE,F,78.5,75.0,75.0,75.0,78.0,Pass,2026-06-19
STU1598,Student 1598,CSE,M,78.5,75.0,75.0,75.0,78.0,Pass,2026-06-19
STU1599,Student 1599,CSE,M,78.5,75.0,75.0,75.0,78.0,Pass,2026-06-19
STU1600,Student 1600,CSE,M,78.5,75.0,75.0,75.0,78.0,Pass,2026-06-19
STU1601,Student 1601,CSE,F,78.5,75.0,75.0,75.0,78.0,Pass,2026-06-19
STU1602,Student 1602,CSE,F,78.5,75.0,75.0,75.0,78.0,Pass,2026-06-19
STU1603,Student 1603,CSE,F,78.5,75.0,75.0,75.0,78.0,Pass,2026-06-19
STU1604,Student 1604,CSE,F,78.5,75.0,75.0,75.0,78.0,Pass,2026-06-19
STU1605,Student 1605,CSE,F,78.5,75.0,75.0,75.0,78.0,Pass,2026-06-19
STU1606,Student 1606,CSE,F,78.5,75.0,75.0,75.0,78.0,Pass,2026-06-19
STU1607,Student 1607,CSE,F,78.5,75.0,75.0,75.0,78.0,Pass,2026-06-19
STU1608,Student 1608,CSE,F,78.5,75.0,75.0,75.0,78.0,Pass,2026-06-19
STU1609,Student 1609,CSE,F,78.5,75.0,75.0,75.0,78.0,Pass,2026-06-19
STU1610,Student 1610,CSE,F,78.5,75.0,75.0,75.0,78.0,Pass,2026-06-19
STU1611,Student 1611,CSE,F,78.5,75.0,75.0,75.0,78.0,Pass,2026-06-19
STU1612,Student 1612,CSE,M,78.5,75.0,75.0,75.0,78.0,Pass,2026-06-19
STU1613,Student 1613,CSE,F,78.5,75.0,75.0,75.0,78.0,Pass,2026-06-19
STU1614,Student 1614,CSE,F,78.5,75.0,75.0,75.0,78.0,Pass,2026-06-19
STU1615,Student 1615,CSE,F,78.5,75.0,75.0,75.0,78.0,Pass,2026-06-19
STU1616,Student 1616,CSE,M,78.5,75.0,75.0,75.0,78.0,Pass,2026-06-19
STU1617,Student 1617,CSE,F,78.5,75.0,75.0,75.0,78.0,Pass,2026-06-19
STU1618,Student 1618,CSE,F,78.5,75.0,75.0,75.0,78.0,Pass,2026-06-19
STU1619,Student 1619,CSE,F,78.5,75.0,75.0,75.0,78.0,Pass,2026-06-19
STU1620,Student 1620,CSE,F,78.5,75.0,75.0,75.0,78.0,Pass,2026-06-19
STU1621,Student 1621,CSE,F,78.5,75.0,75.0,75.0,78.0,Pass,2026-06-19
STU1622,Student 1622,CSE,M,78.5,75.0,75.0,75.0,78.0,Pass,2026-06-19
STU1623,Student 1623,CSE,M,78.5,75.0,75.0,75.0,78.0,Pass,2026-06-19
STU1624,Student 1624,CSE,F,78.5,75.0,75.0,75.0,78.0,Pass,2026-06-19
STU1625,Student 1625,CSE,F,78.5,75.0,75.0,75.0,78.0,Pass,2026-06-19
STU1626,Student 1626,CSE,F,78.5,75.0,75.0,75.0,78.0,Pass,2026-06-19
STU1627,Student 1627,CSE,M,78.5,75.0,75.0,75.0,78.0,Pass,2026-06-19
STU1628,Student 1628,CSE,F,78.5,75.0,75.0,75.0,78.0,Pass,2026-06-19
STU1629,Student 1629,CSE,F,78.5,75.0,75.0,75.0,78.0,Pass,2026-06-19
STU1630,Student 1630,CSE,F,78.5,75.0,75.0,75.0,78.0,Pass,2026-06-19
STU1631,Student 1631,CSE,F,78.5,75.0,75.0,75.0,78.0,Pass,2026-06-19
STU1632,Student 1632,CSE,F,78.5,75.0,75.0,75.0,78.0,Pass,2026-06-19
STU1633,Student 1633,CSE,F,78.5,75.0,75.0,75.0,78.0,Pass,2026-06-19
STU1634,Student 1634,CSE,F,78.5,75.0,75.0,75.0,78.0,Pass,2026-06-19
STU1635,Student 1635,CSE,F,78.5,75.0,75.0,75.0,78.0,Pass,2026-06-19
STU1636,Student 1636,CSE,M,78.5,75.0,75.0,75.0,78.0,Pass,2026-06-19
STU1637,Student 1637,CSE,M,78.5,75.0,75.0,75.0,78.0,Pass,2026-06-19
STU1638,Student 1638,CSE,M,78.5,75.0,75.0,75.0,78.0,Pass,2026-06-19
STU1639,Student 1639,CSE,M,78.5,75.0,75.0,75.0,78.0,Pass,2026-06-19
STU1640,Student 1640,CSE,M,78.5,75.0,75.0,75.0,78.0,Pass,2026-06-19
STU1641,Student 1641,CSE,F,78.5,75.0,75.0,75.0,78.0,Pass,2026-06-19
STU1642,Student 1642,CSE,F,78.5,75.0,75.0,75.0,78.0,Pass,2026-06-19
STU1643,Student 1643,CSE,F,78.5,75.0,75.0,75.0,78.0,Pass,2026-06-19
STU1644,Student 1644,CSE,F,78.5,75.0,75.0,75.0,78.0,Pass,2026-06-19
STU1645,Student 1645,CSE,F,78.5,75.0,75.0,75.0,78.0,Pass,2026-06-19
STU1646,Student 1646,CSE,F,78.5,75.0,75.0,75.0,78.0,Pass,2026-06-19
STU1647,Student 1647,CSE,M,78.5,75.0,75.0,75.0,78.0,Pass,2026-06-19
STU1648,Student 1648,CSE,M,78.5,75.0,75.0,75.0,78.0,Pass,2026-06-19
